nombre,descripcion,precio,stock,tipo_producto,condicion,categoria_id
PC Gamer Entrada Athlon 3000G,"¡Potenciá tu setup con PC Gamer Entrada Athlon 3000G! Una opción excelente dentro de la gama Media, garantizando durabilidad y eficiencia en su categoría de PC Armada.

--- CARACTERÍSTICAS TÉCNICAS ---
• CPU: AMD Athlon 3000G
• RAM: 8GB DDR4
• Almacenamiento: 240GB SSD
• Gráficos: Radeon Vega 3

Estado: NUEVO. Producto 100% original, entregado en su caja sellada con garantía completa de fábrica.",268.22,8,PC Armada,Nuevo,1
PC Gamer Ryzen 5 4600G,"¡Potenciá tu setup con PC Gamer Ryzen 5 4600G! Una opción excelente dentro de la gama Alta, garantizando durabilidad y eficiencia en su categoría de PC Armada.

--- CARACTERÍSTICAS TÉCNICAS ---
• CPU: AMD Ryzen 5 4600G 6-Core
• RAM: 16GB DDR4 3200MHz
• Almacenamiento: 480GB SSD
• Gráficos: Radeon Graphics

Estado: NUEVO. Producto 100% original, entregado en su caja sellada con garantía completa de fábrica.",321.59,3,PC Armada,Nuevo,1
PC Gamer i5 12400F RTX 3060,"¡Potenciá tu setup con PC Gamer i5 12400F RTX 3060! Una opción excelente dentro de la gama Alta, garantizando durabilidad y eficiencia en su categoría de PC Armada.

--- CARACTERÍSTICAS TÉCNICAS ---
• CPU: Intel Core i5-12400F
• RAM: 16GB DDR4 3200MHz
• Almacenamiento: 1TB NVMe
• GPU: NVIDIA RTX 3060 12GB

Estado: NUEVO. Producto 100% original, entregado en su caja sellada con garantía completa de fábrica.",728.02,8,PC Armada,Nuevo,1
PC Gamer Ryzen 7 5700X RTX 4070,"¡Potenciá tu setup con PC Gamer Ryzen 7 5700X RTX 4070! Una opción excelente dentro de la gama Alta, garantizando durabilidad y eficiencia en su categoría de PC Armada.

--- CARACTERÍSTICAS TÉCNICAS ---
• CPU: AMD Ryzen 7 5700X 8-Core
• RAM: 32GB DDR4 3600MHz
• Almacenamiento: 1TB NVMe Gen4
• GPU: NVIDIA RTX 4070 12GB

Estado: NUEVO. Producto 100% original, entregado en su caja sellada con garantía completa de fábrica.",1379.4,2,PC Armada,Nuevo,1
PC Extreme Ryzen 9 7900X RTX 4080,"¡Potenciá tu setup con PC Extreme Ryzen 9 7900X RTX 4080! Una opción excelente dentro de la gama Alta, garantizando durabilidad y eficiencia en su categoría de PC Armada.

--- CARACTERÍSTICAS TÉCNICAS ---
• CPU: AMD Ryzen 9 7900X 12-Core
• RAM: 32GB DDR5 6000MHz
• Almacenamiento: 2TB NVMe Gen4
• GPU: NVIDIA RTX 4080 16GB

Estado: NUEVO. Producto 100% original, entregado en su caja sellada con garantía completa de fábrica.",2682.18,1,PC Armada,Nuevo,1
PC Master i9 14900K RTX 4090,"¡Potenciá tu setup con PC Master i9 14900K RTX 4090! Una opción excelente dentro de la gama Alta, garantizando durabilidad y eficiencia en su categoría de PC Armada.

--- CARACTERÍSTICAS TÉCNICAS ---
• CPU: Intel Core i9-14900K 24-Core
• RAM: 64GB DDR5 6400MHz
• Almacenamiento: 4TB NVMe Gen4
• GPU: NVIDIA RTX 4090 24GB

Estado: NUEVO. Producto 100% original, entregado en su caja sellada con garantía completa de fábrica.",3831.68,1,PC Armada,Nuevo,1
Motherboard A320M,"¡Potenciá tu setup con Motherboard A320M! Una opción excelente dentro de la gama Entrada, garantizando durabilidad y eficiencia en su categoría de Motherboards.

--- CARACTERÍSTICAS TÉCNICAS ---
• Socket: AM4
• Formato: Micro-ATX
• Memoria Máx: 64GB DDR4
• Puertos: 4x SATA, 1x M.2

Estado: NUEVO. Producto 100% original, entregado en su caja sellada con garantía completa de fábrica.",67.05,19,Componente,Nuevo,3
Motherboard B450M,"¡Potenciá tu setup con Motherboard B450M! Una opción excelente dentro de la gama Media, garantizando durabilidad y eficiencia en su categoría de Motherboards.

--- CARACTERÍSTICAS TÉCNICAS ---
• Socket: AM4
• Formato: Micro-ATX
• Memoria Máx: 128GB DDR4
• Soporte Overclock: Sí
• Puertos: 4x SATA, 1x M.2 NVMe

Estado: NUEVO. Producto 100% original, entregado en su caja sellada con garantía completa de fábrica.",86.9,18,Componente,Nuevo,3
Motherboard B660M,"¡Potenciá tu setup con Motherboard B660M! Una opción excelente dentro de la gama Media, garantizando durabilidad y eficiencia en su categoría de Motherboards.

--- CARACTERÍSTICAS TÉCNICAS ---
• Socket: LGA 1700
• Formato: Micro-ATX
• Memoria Máx: 128GB DDR4
• PCIe: 4.0
• Puertos: 2x M.2 NVMe

Estado: NUEVO. Producto 100% original, entregado en su caja sellada con garantía completa de fábrica.",134.11,8,Componente,Nuevo,3
Motherboard Z690,"¡Potenciá tu setup con Motherboard Z690! Una opción excelente dentro de la gama Media, garantizando durabilidad y eficiencia en su categoría de Motherboards.

--- CARACTERÍSTICAS TÉCNICAS ---
• Socket: LGA 1700
• Formato: ATX
• Memoria Máx: 128GB DDR5
• Soporte Overclock: Extremo
• PCIe: 5.0
• M.2: 4x NVMe

Estado: NUEVO. Producto 100% original, entregado en su caja sellada con garantía completa de fábrica.",236.06,13,Componente,Nuevo,3
Motherboard Z790,"¡Potenciá tu setup con Motherboard Z790! Una opción excelente dentro de la gama Alta, garantizando durabilidad y eficiencia en su categoría de Motherboards.

--- CARACTERÍSTICAS TÉCNICAS ---
• Socket: LGA 1700
• Formato: ATX
• Memoria Máx: 192GB DDR5 7200MHz+
• VRM: 16+1+1 Fases
• PCIe: 5.0

Estado: NUEVO. Producto 100% original, entregado en su caja sellada con garantía completa de fábrica.",354.43,3,Componente,Nuevo,3
Motherboard X670E,"¡Potenciá tu setup con Motherboard X670E! Una opción excelente dentro de la gama Alta, garantizando durabilidad y eficiencia en su categoría de Motherboards.

--- CARACTERÍSTICAS TÉCNICAS ---
• Socket: AM5
• Formato: Extended ATX
• Memoria Máx: 192GB DDR5
• VRM: 18+2+2 Fases
• Dual PCIe 5.0 (GPU y M.2)

Estado: NUEVO. Producto 100% original, entregado en su caja sellada con garantía completa de fábrica.",433.12,3,Componente,Nuevo,3
Procesador AMD Athlon 3000G,"¡Potenciá tu setup con Procesador AMD Athlon 3000G! Una opción excelente dentro de la gama Entrada, garantizando durabilidad y eficiencia en su categoría de Procesadores.

--- CARACTERÍSTICAS TÉCNICAS ---
• Núcleos: 2
• Hilos: 4
• Frecuencia Base: 3.5 GHz
• Gráficos: Radeon Vega 3
• TDP: 35W
• Socket: AM4

Estado: NUEVO. Producto 100% original, entregado en su caja sellada con garantía completa de fábrica.",51.32,17,Componente,Nuevo,4
Procesador AMD Ryzen 5 4600G,"¡Potenciá tu setup con Procesador AMD Ryzen 5 4600G! Una opción excelente dentro de la gama Media, garantizando durabilidad y eficiencia en su categoría de Procesadores.

--- CARACTERÍSTICAS TÉCNICAS ---
• Núcleos: 6
• Hilos: 12
• Frecuencia Turbo: 4.2 GHz
• Gráficos: Radeon Graphics
• Caché L3: 8MB
• TDP: 65W

Estado: NUEVO. Producto 100% original, entregado en su caja sellada con garantía completa de fábrica.",114.27,21,Componente,Nuevo,4
Procesador Intel Core i5 12400F,"¡Potenciá tu setup con Procesador Intel Core i5 12400F! Una opción excelente dentro de la gama Media, garantizando durabilidad y eficiencia en su categoría de Procesadores.

--- CARACTERÍSTICAS TÉCNICAS ---
• Núcleos: 6 (P-Cores)
• Hilos: 12
• Frecuencia Turbo: 4.4 GHz
• Caché: 18MB
• Gráficos: No (Requiere GPU)
• TDP: 65W

Estado: NUEVO. Producto 100% original, entregado en su caja sellada con garantía completa de fábrica.",153.27,10,Componente,Nuevo,4
Procesador Intel Core i7 13700K,"¡Potenciá tu setup con Procesador Intel Core i7 13700K! Una opción excelente dentro de la gama Alta, garantizando durabilidad y eficiencia en su categoría de Procesadores.

--- CARACTERÍSTICAS TÉCNICAS ---
• Núcleos: 16 (8P+8E)
• Hilos: 24
• Frecuencia Turbo: 5.4 GHz
• Caché: 30MB
• Gráficos: UHD 770
• TDP Máx: 253W

Estado: NUEVO. Producto 100% original, entregado en su caja sellada con garantía completa de fábrica.",409.17,7,Componente,Nuevo,4
Procesador Intel Core i9 14900K,"¡Potenciá tu setup con Procesador Intel Core i9 14900K! Una opción excelente dentro de la gama Alta, garantizando durabilidad y eficiencia en su categoría de Procesadores.

--- CARACTERÍSTICAS TÉCNICAS ---
• Núcleos: 24 (8P+16E)
• Hilos: 32
• Frecuencia Turbo: 6.0 GHz
• Caché: 36MB
• Gráficos: UHD 770
• TDP Máx: 253W

Estado: NUEVO. Producto 100% original, entregado en su caja sellada con garantía completa de fábrica.",669.18,7,Componente,Nuevo,4
Procesador AMD Ryzen 9 7950X,"¡Potenciá tu setup con Procesador AMD Ryzen 9 7950X! Una opción excelente dentro de la gama Alta, garantizando durabilidad y eficiencia en su categoría de Procesadores.

--- CARACTERÍSTICAS TÉCNICAS ---
• Núcleos: 16
• Hilos: 32
• Frecuencia Turbo: 5.7 GHz
• Caché L3: 64MB
• Arquitectura: Zen 4
• TDP: 170W

Estado: NUEVO. Producto 100% original, entregado en su caja sellada con garantía completa de fábrica.",645.23,3,Componente,Nuevo,4
Placa de Video GTX 1650 4GB,"¡Potenciá tu setup con Placa de Video GTX 1650 4GB! Una opción excelente dentro de la gama Media, garantizando durabilidad y eficiencia en su categoría de Placas de Video.

--- CARACTERÍSTICAS TÉCNICAS ---
• VRAM: 4GB GDDR6
• Bus: 128-bit
• Cuda Cores: 896
• Puertos: DisplayPort, HDMI, DVI
• TDP: 75W

Estado: NUEVO. Producto 100% original, entregado en su caja sellada con garantía completa de fábrica.",147.79,10,Componente,Nuevo,5
Placa de Video RX 6600 8GB,"¡Potenciá tu setup con Placa de Video RX 6600 8GB! Una opción excelente dentro de la gama Media, garantizando durabilidad y eficiencia en su categoría de Placas de Video.

--- CARACTERÍSTICAS TÉCNICAS ---
• VRAM: 8GB GDDR6
• Bus: 128-bit
• Stream Processors: 1792
• Arquitectura: RDNA 2
• Ray Tracing: Sí

Estado: NUEVO. Producto 100% original, entregado en su caja sellada con garantía completa de fábrica.",234.01,13,Componente,Nuevo,5
Placa de Video RTX 4060 8GB,"¡Potenciá tu setup con Placa de Video RTX 4060 8GB! Una opción excelente dentro de la gama Alta, garantizando durabilidad y eficiencia en su categoría de Placas de Video.

--- CARACTERÍSTICAS TÉCNICAS ---
• VRAM: 8GB GDDR6
• Bus: 128-bit
• Cuda Cores: 3072
• DLSS 3.0: Sí
• Consumo: 115W

Estado: NUEVO. Producto 100% original, entregado en su caja sellada con garantía completa de fábrica.",320.22,4,Componente,Nuevo,5
Placa de Video RTX 4070 12GB,"¡Potenciá tu setup con Placa de Video RTX 4070 12GB! Una opción excelente dentro de la gama Alta, garantizando durabilidad y eficiencia en su categoría de Placas de Video.

--- CARACTERÍSTICAS TÉCNICAS ---
• VRAM: 12GB GDDR6X
• Bus: 192-bit
• Cuda Cores: 5888
• DLSS 3.0: Sí
• Consumo: 200W

Estado: NUEVO. Producto 100% original, entregado en su caja sellada con garantía completa de fábrica.",585.02,6,Componente,Nuevo,5
Placa de Video RTX 4080 SUPER 16GB,"¡Potenciá tu setup con Placa de Video RTX 4080 SUPER 16GB! Una opción excelente dentro de la gama Alta, garantizando durabilidad y eficiencia en su categoría de Placas de Video.

--- CARACTERÍSTICAS TÉCNICAS ---
• VRAM: 16GB GDDR6X
• Bus: 256-bit
• Cuda Cores: 10240
• DLSS 3.5: Sí
• Consumo: 320W

Estado: NUEVO. Producto 100% original, entregado en su caja sellada con garantía completa de fábrica.",985.29,3,Componente,Nuevo,5
Placa de Video RTX 4090 24GB,"¡Potenciá tu setup con Placa de Video RTX 4090 24GB! Una opción excelente dentro de la gama Alta, garantizando durabilidad y eficiencia en su categoría de Placas de Video.

--- CARACTERÍSTICAS TÉCNICAS ---
• VRAM: 24GB GDDR6X
• Bus: 384-bit
• Cuda Cores: 16384
• Rendimiento: Extremo 4K/8K
• Consumo: 450W

Estado: NUEVO. Producto 100% original, entregado en su caja sellada con garantía completa de fábrica.",1909.0,2,Componente,Nuevo,5
Memoria RAM 8GB DDR4 2666MHz,"¡Potenciá tu setup con Memoria RAM 8GB DDR4 2666MHz! Una opción excelente dentro de la gama Entrada, garantizando durabilidad y eficiencia en su categoría de Memorias RAM.

--- CARACTERÍSTICAS TÉCNICAS ---
• Capacidad: 8GB
• Tipo: DDR4
• Velocidad: 2666 MHz
• Formato: U-DIMM
• Latencia: CL19

Estado: NUEVO. Producto 100% original, entregado en su caja sellada con garantía completa de fábrica.",19.16,35,Componente,Nuevo,6
Memoria RAM 16GB DDR4 3200MHz,"¡Potenciá tu setup con Memoria RAM 16GB DDR4 3200MHz! Una opción excelente dentro de la gama Entrada, garantizando durabilidad y eficiencia en su categoría de Memorias RAM.

--- CARACTERÍSTICAS TÉCNICAS ---
• Capacidad: 16GB
• Tipo: DDR4
• Velocidad: 3200 MHz
• Disipador: Sí
• Latencia: CL16

Estado: NUEVO. Producto 100% original, entregado en su caja sellada con garantía completa de fábrica.",41.74,20,Componente,Nuevo,6
Memoria RAM 32GB (2x16) DDR4 3200MHz,"¡Potenciá tu setup con Memoria RAM 32GB (2x16) DDR4 3200MHz! Una opción excelente dentro de la gama Media, garantizando durabilidad y eficiencia en su categoría de Memorias RAM.

--- CARACTERÍSTICAS TÉCNICAS ---
• Capacidad: 32GB (2 Módulos de 16GB)
• Tipo: DDR4
• Velocidad: 3200 MHz
• Latencia: CL16
• Dual Channel

Estado: NUEVO. Producto 100% original, entregado en su caja sellada con garantía completa de fábrica.",79.37,28,Componente,Nuevo,6
Memoria RAM 16GB DDR5 5200MHz,"¡Potenciá tu setup con Memoria RAM 16GB DDR5 5200MHz! Una opción excelente dentro de la gama Entrada, garantizando durabilidad y eficiencia en su categoría de Memorias RAM.

--- CARACTERÍSTICAS TÉCNICAS ---
• Capacidad: 16GB
• Tipo: DDR5
• Velocidad: 5200 MHz
• Disipador: Aluminio
• Latencia: CL40

Estado: NUEVO. Producto 100% original, entregado en su caja sellada con garantía completa de fábrica.",56.79,25,Componente,Nuevo,6
Memoria RAM 32GB (2x16) DDR5 6000MHz,"¡Potenciá tu setup con Memoria RAM 32GB (2x16) DDR5 6000MHz! Una opción excelente dentro de la gama Media, garantizando durabilidad y eficiencia en su categoría de Memorias RAM.

--- CARACTERÍSTICAS TÉCNICAS ---
• Capacidad: 32GB (Kit Dual)
• Tipo: DDR5
• Velocidad: 6000 MHz
• Latencia: CL36
• Soporte AMD EXPO / Intel XMP

Estado: NUEVO. Producto 100% original, entregado en su caja sellada con garantía completa de fábrica.",127.95,11,Componente,Nuevo,6
Memoria RAM 64GB (2x32) DDR5 6400MHz,"¡Potenciá tu setup con Memoria RAM 64GB (2x32) DDR5 6400MHz! Una opción excelente dentro de la gama Media, garantizando durabilidad y eficiencia en su categoría de Memorias RAM.

--- CARACTERÍSTICAS TÉCNICAS ---
• Capacidad: 64GB (Kit Dual Extremo)
• Tipo: DDR5
• Velocidad: 6400 MHz
• Latencia: CL32
• Ideal para Workstations

Estado: NUEVO. Producto 100% original, entregado en su caja sellada con garantía completa de fábrica.",240.85,9,Componente,Nuevo,6
Disco Rígido HDD 500GB 7200RPM,"¡Potenciá tu setup con Disco Rígido HDD 500GB 7200RPM! Una opción excelente dentro de la gama Entrada, garantizando durabilidad y eficiencia en su categoría de HDD.

--- CARACTERÍSTICAS TÉCNICAS ---
• Capacidad: 500GB
• Formato: 3.5""
• Interfaz: SATA III 6.0Gb/s
• Velocidad: 7200 RPM
• Caché: 32MB

Estado: NUEVO. Producto 100% original, entregado en su caja sellada con garantía completa de fábrica.",19.16,62,Componente,Nuevo,8
Disco Rígido HDD 2TB 7200RPM,"¡Potenciá tu setup con Disco Rígido HDD 2TB 7200RPM! Una opción excelente dentro de la gama Entrada, garantizando durabilidad y eficiencia en su categoría de HDD.

--- CARACTERÍSTICAS TÉCNICAS ---
• Capacidad: 2TB
• Formato: 3.5""
• Interfaz: SATA III 6.0Gb/s
• Velocidad: 7200 RPM
• Caché: 256MB

Estado: NUEVO. Producto 100% original, entregado en su caja sellada con garantía completa de fábrica.",64.32,25,Componente,Nuevo,8
Disco Rígido HDD 4TB 7200RPM,"¡Potenciá tu setup con Disco Rígido HDD 4TB 7200RPM! Una opción excelente dentro de la gama Media, garantizando durabilidad y eficiencia en su categoría de HDD.

--- CARACTERÍSTICAS TÉCNICAS ---
• Capacidad: 4TB
• Formato: 3.5""
• Interfaz: SATA III
• Velocidad: 7200 RPM
• Caché: 256MB
• Uso: PC/Almacenamiento masivo

Estado: NUEVO. Producto 100% original, entregado en su caja sellada con garantía completa de fábrica.",109.48,18,Componente,Nuevo,8
Disco Rígido HDD 8TB NAS,"¡Potenciá tu setup con Disco Rígido HDD 8TB NAS! Una opción excelente dentro de la gama Media, garantizando durabilidad y eficiencia en su categoría de HDD.

--- CARACTERÍSTICAS TÉCNICAS ---
• Capacidad: 8TB
• Formato: 3.5""
• Interfaz: SATA III
• Velocidad: 7200 RPM
• Caché: 256MB
• Optimizados para NAS 24/7

Estado: NUEVO. Producto 100% original, entregado en su caja sellada con garantía completa de fábrica.",240.85,8,Componente,Nuevo,8
Disco Rígido HDD 14TB Enterprise,"¡Potenciá tu setup con Disco Rígido HDD 14TB Enterprise! Una opción excelente dentro de la gama Alta, garantizando durabilidad y eficiencia en su categoría de HDD.

--- CARACTERÍSTICAS TÉCNICAS ---
• Capacidad: 14TB
• Formato: 3.5""
• Interfaz: SATA III
• Velocidad: 7200 RPM
• Caché: 512MB
• Sellado en Helio

Estado: NUEVO. Producto 100% original, entregado en su caja sellada con garantía completa de fábrica.",413.96,6,Componente,Nuevo,8
Disco Rígido HDD 18TB Enterprise,"¡Potenciá tu setup con Disco Rígido HDD 18TB Enterprise! Una opción excelente dentro de la gama Alta, garantizando durabilidad y eficiencia en su categoría de HDD.

--- CARACTERÍSTICAS TÉCNICAS ---
• Capacidad: 18TB
• Formato: 3.5""
• Interfaz: SATA III
• Velocidad: 7200 RPM
• MTBF: 2.5 Millones de horas
• Carga de trabajo pesada

Estado: NUEVO. Producto 100% original, entregado en su caja sellada con garantía completa de fábrica.",526.86,3,Componente,Nuevo,8
Disco Solido SSD 240GB SATA III,"¡Potenciá tu setup con Disco Solido SSD 240GB SATA III! Una opción excelente dentro de la gama Entrada, garantizando durabilidad y eficiencia en su categoría de SSD.

--- CARACTERÍSTICAS TÉCNICAS ---
• Capacidad: 240GB
• Formato: 2.5""
• Interfaz: SATA III
• Lectura Seq: 500 MB/s
• Escritura Seq: 450 MB/s

Estado: NUEVO. Producto 100% original, entregado en su caja sellada con garantía completa de fábrica.",16.42,80,Componente,Nuevo,9
Disco Solido SSD 960GB SATA III,"¡Potenciá tu setup con Disco Solido SSD 960GB SATA III! Una opción excelente dentro de la gama Entrada, garantizando durabilidad y eficiencia en su categoría de SSD.

--- CARACTERÍSTICAS TÉCNICAS ---
• Capacidad: 960GB
• Formato: 2.5""
• Interfaz: SATA III
• Lectura Seq: 520 MB/s
• Escritura Seq: 500 MB/s

Estado: NUEVO. Producto 100% original, entregado en su caja sellada con garantía completa de fábrica.",56.79,26,Componente,Nuevo,9
Disco Solido SSD 500GB M.2 NVMe Gen3,"¡Potenciá tu setup con Disco Solido SSD 500GB M.2 NVMe Gen3! Una opción excelente dentro de la gama Entrada, garantizando durabilidad y eficiencia en su categoría de SSD.

--- CARACTERÍSTICAS TÉCNICAS ---
• Capacidad: 500GB
• Formato: M.2 2280
• Interfaz: PCIe Gen3 x4 NVMe
• Lectura Seq: 2100 MB/s
• Escritura Seq: 1500 MB/s

Estado: NUEVO. Producto 100% original, entregado en su caja sellada con garantía completa de fábrica.",37.63,23,Componente,Nuevo,9
Disco Solido SSD 1TB M.2 NVMe Gen4,"¡Potenciá tu setup con Disco Solido SSD 1TB M.2 NVMe Gen4! Una opción excelente dentro de la gama Media, garantizando durabilidad y eficiencia en su categoría de SSD.

--- CARACTERÍSTICAS TÉCNICAS ---
• Capacidad: 1TB
• Formato: M.2 2280
• Interfaz: PCIe Gen4 x4 NVMe
• Lectura Seq: 7000 MB/s
• Escritura Seq: 5000 MB/s

Estado: NUEVO. Producto 100% original, entregado en su caja sellada con garantía completa de fábrica.",86.9,16,Componente,Nuevo,9
Disco Solido SSD 2TB Extreme,"¡Potenciá tu setup con Disco Solido SSD 2TB Extreme! Una opción excelente dentro de la gama Media, garantizando durabilidad y eficiencia en su categoría de SSD.

--- CARACTERÍSTICAS TÉCNICAS ---
• Capacidad: 2TB
• Formato: M.2 2280
• Interfaz: PCIe Gen4 x4 NVMe
• Lectura Seq: 7300 MB/s
• Disipador incluido

Estado: NUEVO. Producto 100% original, entregado en su caja sellada con garantía completa de fábrica.",195.69,14,Componente,Nuevo,9
Disco Solido SSD 4TB M.2 NVMe Gen4,"¡Potenciá tu setup con Disco Solido SSD 4TB M.2 NVMe Gen4! Una opción excelente dentro de la gama Alta, garantizando durabilidad y eficiencia en su categoría de SSD.

--- CARACTERÍSTICAS TÉCNICAS ---
• Capacidad: 4TB
• Formato: M.2 2280
• Interfaz: PCIe Gen4 x4 NVMe
• Lectura Seq: 7400 MB/s
• TBW: 2400TB

Estado: NUEVO. Producto 100% original, entregado en su caja sellada con garantía completa de fábrica.",338.69,7,Componente,Nuevo,9
Fuente 500W Generica,"¡Potenciá tu setup con Fuente 500W Generica! Una opción excelente dentro de la gama Entrada, garantizando durabilidad y eficiencia en su categoría de Fuentes.

--- CARACTERÍSTICAS TÉCNICAS ---
• Potencia: 500W
• Certificación: Ninguna
• Formato: ATX
• Ventilador: 120mm
• Conectores: 2x SATA, 1x Molex

Estado: NUEVO. Producto 100% original, entregado en su caja sellada con garantía completa de fábrica.",19.84,50,Componente,Nuevo,10
Fuente 600W 80 Plus Bronze,"¡Potenciá tu setup con Fuente 600W 80 Plus Bronze! Una opción excelente dentro de la gama Entrada, garantizando durabilidad y eficiencia en su categoría de Fuentes.

--- CARACTERÍSTICAS TÉCNICAS ---
• Potencia: 600W
• Certificación: 80 Plus Bronze (Eficiencia >85%)
• Formato: ATX
• PFC Activo
• Protecciones: OVP, UVP, SCP, OPP

Estado: NUEVO. Producto 100% original, entregado en su caja sellada con garantía completa de fábrica.",67.05,27,Componente,Nuevo,10
Fuente 700W 80 Plus Bronze,"¡Potenciá tu setup con Fuente 700W 80 Plus Bronze! Una opción excelente dentro de la gama Media, garantizando durabilidad y eficiencia en su categoría de Fuentes.

--- CARACTERÍSTICAS TÉCNICAS ---
• Potencia: 700W
• Certificación: 80 Plus Bronze
• Formato: ATX
• Cables mallados
• Protecciones Completas

Estado: NUEVO. Producto 100% original, entregado en su caja sellada con garantía completa de fábrica.",82.79,17,Componente,Nuevo,10
Fuente 850W 80 Plus Gold Modular,"¡Potenciá tu setup con Fuente 850W 80 Plus Gold Modular! Una opción excelente dentro de la gama Media, garantizando durabilidad y eficiencia en su categoría de Fuentes.

--- CARACTERÍSTICAS TÉCNICAS ---
• Potencia: 850W
• Certificación: 80 Plus Gold (Eficiencia >90%)
• Cableado: 100% Modular
• Capacitores japoneses
• Ideal para RTX 4070/4080

Estado: NUEVO. Producto 100% original, entregado en su caja sellada con garantía completa de fábrica.",141.64,11,Componente,Nuevo,10
Fuente 1200W 80 Plus Platinum,"¡Potenciá tu setup con Fuente 1200W 80 Plus Platinum! Una opción excelente dentro de la gama Media, garantizando durabilidad y eficiencia en su categoría de Fuentes.

--- CARACTERÍSTICAS TÉCNICAS ---
• Potencia: 1200W
• Certificación: 80 Plus Platinum (Eficiencia >92%)
• Cableado: 100% Modular
• Ventilador Híbrido Silencioso

Estado: NUEVO. Producto 100% original, entregado en su caja sellada con garantía completa de fábrica.",275.74,12,Componente,Nuevo,10
Fuente 1600W 80 Plus Titanium,"¡Potenciá tu setup con Fuente 1600W 80 Plus Titanium! Una opción excelente dentro de la gama Alta, garantizando durabilidad y eficiencia en su categoría de Fuentes.

--- CARACTERÍSTICAS TÉCNICAS ---
• Potencia: 1600W
• Certificación: 80 Plus Titanium (Eficiencia >94%)
• Máxima estabilidad y potencia
• Monitoreo digital

Estado: NUEVO. Producto 100% original, entregado en su caja sellada con garantía completa de fábrica.",433.12,7,Componente,Nuevo,10
Gabinete Oficina ATX,"¡Potenciá tu setup con Gabinete Oficina ATX! Una opción excelente dentro de la gama Entrada, garantizando durabilidad y eficiencia en su categoría de Gabinetes.

--- CARACTERÍSTICAS TÉCNICAS ---
• Formato: Mid Tower ATX
• Material: Acero SPCC
• Panel lateral: Metálico cerrado
• Puertos: 2x USB 2.0, Audio
• Fuente: No incluida

Estado: NUEVO. Producto 100% original, entregado en su caja sellada con garantía completa de fábrica.",27.37,59,Componente,Nuevo,11
Gabinete Gamer ATX 3 Coolers,"¡Potenciá tu setup con Gabinete Gamer ATX 3 Coolers! Una opción excelente dentro de la gama Entrada, garantizando durabilidad y eficiencia en su categoría de Gabinetes.

--- CARACTERÍSTICAS TÉCNICAS ---
• Formato: Mid Tower ATX
• Panel lateral: Acrílico acrílico
• Ventilación: Incluye 3 ventiladores RGB de 120mm
• PSU Cover

Estado: NUEVO. Producto 100% original, entregado en su caja sellada con garantía completa de fábrica.",67.05,17,Componente,Nuevo,11
Gabinete Gamer ATX 6 Coolers RGB,"¡Potenciá tu setup con Gabinete Gamer ATX 6 Coolers RGB! Una opción excelente dentro de la gama Media, garantizando durabilidad y eficiencia en su categoría de Gabinetes.

--- CARACTERÍSTICAS TÉCNICAS ---
• Formato: Mid Tower ATX
• Panel lateral: Vidrio Templado
• Ventilación: Incluye 6 ventiladores ARGB de 120mm
• Excelente Airflow

Estado: NUEVO. Producto 100% original, entregado en su caja sellada con garantía completa de fábrica.",118.37,7,Componente,Nuevo,11
Gabinete Lian Li H9 Flow,"¡Potenciá tu setup con Gabinete Lian Li H9 Flow! Una opción excelente dentro de la gama Media, garantizando durabilidad y eficiencia en su categoría de Gabinetes.

--- CARACTERÍSTICAS TÉCNICAS ---
• Formato: Dual Chamber Mid Tower
• Paneles: Vidrio templado frontal y lateral sin bordes
• Soporte Múltiple Radiadores (360mm)

Estado: NUEVO. Producto 100% original, entregado en su caja sellada con garantía completa de fábrica.",165.58,10,Componente,Nuevo,11
Gabinete ASUS TUF GT502,"¡Potenciá tu setup con Gabinete ASUS TUF GT502! Una opción excelente dentro de la gama Media, garantizando durabilidad y eficiencia en su categoría de Gabinetes.

--- CARACTERÍSTICAS TÉCNICAS ---
• Formato: Dual Chamber ATX
• Materiales: Aluminio y Vidrio Templado
• Soporta 13 ventiladores
• Asas de transporte de tela

Estado: NUEVO. Producto 100% original, entregado en su caja sellada con garantía completa de fábrica.",251.8,11,Componente,Nuevo,11
Gabinete Thermaltake Cosmos,"¡Potenciá tu setup con Gabinete Thermaltake Cosmos! Una opción excelente dentro de la gama Alta, garantizando durabilidad y eficiencia en su categoría de Gabinetes.

--- CARACTERÍSTICAS TÉCNICAS ---
• Formato: Full Tower
• Materiales premium
• Paneles de aluminio curvo
• Soporte para custom liquid cooling avanzado

Estado: NUEVO. Producto 100% original, entregado en su caja sellada con garantía completa de fábrica.",393.43,3,Componente,Nuevo,11
Cooler CPU Generico,"¡Potenciá tu setup con Cooler CPU Generico! Una opción excelente dentro de la gama Entrada, garantizando durabilidad y eficiencia en su categoría de Refrigeracion.

--- CARACTERÍSTICAS TÉCNICAS ---
• Tipo: Disipador por aire
• Socket: Universal Intel/AMD
• Tamaño de ventilador: 90mm
• TDP Máx: 65W

Estado: NUEVO. Producto 100% original, entregado en su caja sellada con garantía completa de fábrica.",9.58,64,Componente,Nuevo,12
Cooler Fan 120mm RGB,"¡Potenciá tu setup con Cooler Fan 120mm RGB! Una opción excelente dentro de la gama Entrada, garantizando durabilidad y eficiencia en su categoría de Refrigeracion.

--- CARACTERÍSTICAS TÉCNICAS ---
• Tipo: Ventilador de chasis
• Tamaño: 120mm x 120mm x 25mm
• Velocidad: 1200 RPM
• Iluminación: RGB fijo
• Conector: Molex / 3-pin

Estado: NUEVO. Producto 100% original, entregado en su caja sellada con garantía completa de fábrica.",10.95,47,Componente,Nuevo,12
Disipador CPU ID-Cooling SE-224,"¡Potenciá tu setup con Disipador CPU ID-Cooling SE-224! Una opción excelente dentro de la gama Entrada, garantizando durabilidad y eficiencia en su categoría de Refrigeracion.

--- CARACTERÍSTICAS TÉCNICAS ---
• Tipo: Disipador por aire en torre
• Heatpipes: 4 tubos de cobre
• Tamaño de ventilador: 120mm PWM
• Iluminación: ARGB
• TDP Máx: 180W

Estado: NUEVO. Producto 100% original, entregado en su caja sellada con garantía completa de fábrica.",47.21,27,Componente,Nuevo,12
Watercooling 240mm RGB,"¡Potenciá tu setup con Watercooling 240mm RGB! Una opción excelente dentro de la gama Media, garantizando durabilidad y eficiencia en su categoría de Refrigeracion.

--- CARACTERÍSTICAS TÉCNICAS ---
• Tipo: Refrigeración Líquida AIO
• Tamaño de radiador: 240mm (2x 120mm fans)
• Iluminación: ARGB en bomba y ventiladores
• Soporte: Intel LGA1700 / AMD AM5

Estado: NUEVO. Producto 100% original, entregado en su caja sellada con garantía completa de fábrica.",102.63,23,Componente,Nuevo,12
Watercooling Corsair H150i 360mm,"¡Potenciá tu setup con Watercooling Corsair H150i 360mm! Una opción excelente dentro de la gama Media, garantizando durabilidad y eficiencia en su categoría de Refrigeracion.

--- CARACTERÍSTICAS TÉCNICAS ---
• Tipo: Refrigeración Líquida AIO
• Tamaño de radiador: 360mm
• Ventiladores: 3x ML120 RGB Magnéticos
• Pantalla LCD en la bomba: No (Logo iluminado)

Estado: NUEVO. Producto 100% original, entregado en su caja sellada con garantía completa de fábrica.",275.74,14,Componente,Nuevo,12
Watercooling NZXT Kraken Elite 360,"¡Potenciá tu setup con Watercooling NZXT Kraken Elite 360! Una opción excelente dentro de la gama Alta, garantizando durabilidad y eficiencia en su categoría de Refrigeracion.

--- CARACTERÍSTICAS TÉCNICAS ---
• Tipo: Refrigeración Líquida AIO
• Tamaño de radiador: 360mm
• Bomba: 7ma Gen Asetek
• Pantalla LCD de 2.36"" personalizable
• Fans: F120P Static Pressure

Estado: NUEVO. Producto 100% original, entregado en su caja sellada con garantía completa de fábrica.",330.48,8,Componente,Nuevo,12
Teclado Membrana Oficina,"¡Potenciá tu setup con Teclado Membrana Oficina! Una opción excelente dentro de la gama Entrada, garantizando durabilidad y eficiencia en su categoría de Teclados.

--- CARACTERÍSTICAS TÉCNICAS ---
• Tipo: Membrana
• Formato: Completo (100%)
• Idioma: Español (Ñ)
• Conectividad: Cable USB
• Diseño silencioso

Estado: NUEVO. Producto 100% original, entregado en su caja sellada con garantía completa de fábrica.",12.32,81,Periferico,Nuevo,14
Teclado Mecanico Outemu Blue,"¡Potenciá tu setup con Teclado Mecanico Outemu Blue! Una opción excelente dentro de la gama Entrada, garantizando durabilidad y eficiencia en su categoría de Teclados.

--- CARACTERÍSTICAS TÉCNICAS ---
• Tipo: Mecánico
• Switches: Outemu Blue (Clicky, Táctil)
• Formato: TKL (80%)
• Iluminación: Rainbow LED
• Anti-ghosting completo

Estado: NUEVO. Producto 100% original, entregado en su caja sellada con garantía completa de fábrica.",36.95,55,Periferico,Nuevo,14
Teclado Mecanico 60% Red Switch,"¡Potenciá tu setup con Teclado Mecanico 60% Red Switch! Una opción excelente dentro de la gama Entrada, garantizando durabilidad y eficiencia en su categoría de Teclados.

--- CARACTERÍSTICAS TÉCNICAS ---
• Tipo: Mecánico
• Switches: Red (Lineales, silenciosos)
• Formato: Compacto 60%
• Cable: USB-C desmontable
• Iluminación: RGB real

Estado: NUEVO. Producto 100% original, entregado en su caja sellada con garantía completa de fábrica.",53.37,26,Periferico,Nuevo,14
Teclado Mecanico Logitech G Pro,"¡Potenciá tu setup con Teclado Mecanico Logitech G Pro! Una opción excelente dentro de la gama Media, garantizando durabilidad y eficiencia en su categoría de Teclados.

--- CARACTERÍSTICAS TÉCNICAS ---
• Tipo: Mecánico
• Switches: GX Blue Clicky
• Formato: TKL (Tenkeyless)
• Iluminación: LIGHTSYNC RGB
• Diseñado para eSports

Estado: NUEVO. Producto 100% original, entregado en su caja sellada con garantía completa de fábrica.",114.95,26,Periferico,Nuevo,14
Teclado Mecanico Corsair K70,"¡Potenciá tu setup con Teclado Mecanico Corsair K70! Una opción excelente dentro de la gama Media, garantizando durabilidad y eficiencia en su categoría de Teclados.

--- CARACTERÍSTICAS TÉCNICAS ---
• Tipo: Mecánico
• Switches: Cherry MX Speed Silver
• Marco: Aluminio cepillado
• Reposamuñecas extraíble
• Tasa de sondeo: 8000Hz

Estado: NUEVO. Producto 100% original, entregado en su caja sellada con garantía completa de fábrica.",205.27,10,Periferico,Nuevo,14
Teclado Custom Keychron K6,"¡Potenciá tu setup con Teclado Custom Keychron K6! Una opción excelente dentro de la gama Media, garantizando durabilidad y eficiencia en su categoría de Teclados.

--- CARACTERÍSTICAS TÉCNICAS ---
• Tipo: Mecánico Custom
• Conectividad: Bluetooth 5.1 / Cable
• Formato: 65%
• Hot-Swappable (Cambio de switches)
• Compatible Mac/Windows

Estado: NUEVO. Producto 100% original, entregado en su caja sellada con garantía completa de fábrica.",262.74,11,Periferico,Nuevo,14
Mouse Oficina 1000 DPI,"¡Potenciá tu setup con Mouse Oficina 1000 DPI! Una opción excelente dentro de la gama Entrada, garantizando durabilidad y eficiencia en su categoría de Mouse.

--- CARACTERÍSTICAS TÉCNICAS ---
• Tipo: Óptico
• Sensor: Genérico
• DPI: 1000 Fijo
• Botones: 3
• Conectividad: Cable USB
• Diseño Ambidiestro

Estado: NUEVO. Producto 100% original, entregado en su caja sellada con garantía completa de fábrica.",6.84,44,Periferico,Nuevo,15
Mouse Gamer Redragon Griffin,"¡Potenciá tu setup con Mouse Gamer Redragon Griffin! Una opción excelente dentro de la gama Entrada, garantizando durabilidad y eficiencia en su categoría de Mouse.

--- CARACTERÍSTICAS TÉCNICAS ---
• Tipo: Óptico Gamer
• Sensor: Pixart P3212
• DPI Máx: 7200
• Botones: 7 programables
• Iluminación: RGB Chroma

Estado: NUEVO. Producto 100% original, entregado en su caja sellada con garantía completa de fábrica.",23.26,56,Periferico,Nuevo,15
Mouse Gamer HyperX Pulsefire,"¡Potenciá tu setup con Mouse Gamer HyperX Pulsefire! Una opción excelente dentro de la gama Entrada, garantizando durabilidad y eficiencia en su categoría de Mouse.

--- CARACTERÍSTICAS TÉCNICAS ---
• Tipo: Óptico Gamer
• Sensor: Pixart 3327
• DPI Máx: 6200
• Peso: 87g
• Switches: TTC (20M clics)
• Iluminación: RGB

Estado: NUEVO. Producto 100% original, entregado en su caja sellada con garantía completa de fábrica.",36.95,66,Periferico,Nuevo,15
Mouse Gamer Logitech G305 Wireless,"¡Potenciá tu setup con Mouse Gamer Logitech G305 Wireless! Una opción excelente dentro de la gama Entrada, garantizando durabilidad y eficiencia en su categoría de Mouse.

--- CARACTERÍSTICAS TÉCNICAS ---
• Tipo: Inalámbrico
• Sensor: HERO
• DPI Máx: 12000
• Conectividad: LIGHTSPEED 1ms (Dongle)
• Batería: 1x Pila AA (250 horas)

Estado: NUEVO. Producto 100% original, entregado en su caja sellada con garantía completa de fábrica.",61.58,20,Periferico,Nuevo,15
Mouse Gamer Razer DeathAdder V3,"¡Potenciá tu setup con Mouse Gamer Razer DeathAdder V3! Una opción excelente dentro de la gama Media, garantizando durabilidad y eficiencia en su categoría de Mouse.

--- CARACTERÍSTICAS TÉCNICAS ---
• Tipo: Óptico Gamer
• Sensor: Razer Focus Pro 30K Optical
• DPI Máx: 30000
• Peso Ultra-ligero: 59g
• Tasa de sondeo: 8000Hz

Estado: NUEVO. Producto 100% original, entregado en su caja sellada con garantía completa de fábrica.",172.43,14,Periferico,Nuevo,15
Mouse Gamer Finalmouse Starlight,"¡Potenciá tu setup con Mouse Gamer Finalmouse Starlight! Una opción excelente dentro de la gama Media, garantizando durabilidad y eficiencia en su categoría de Mouse.

--- CARACTERÍSTICAS TÉCNICAS ---
• Tipo: Inalámbrico eSports
• Material: Aleación de Magnesio
• Peso Ultra-ligero: 42g
• Sensor: Finalsensor
• Edición Limitada

Estado: NUEVO. Producto 100% original, entregado en su caja sellada con garantía completa de fábrica.",287.38,13,Periferico,Nuevo,15
Auricular In-Ear Basico,"¡Potenciá tu setup con Auricular In-Ear Basico! Una opción excelente dentro de la gama Entrada, garantizando durabilidad y eficiencia en su categoría de Auriculares.

--- CARACTERÍSTICAS TÉCNICAS ---
• Tipo: In-Ear
• Conexión: Jack 3.5mm
• Micrófono: Integrado en cable
• Sonido: Estéreo
• Gomas intercambiables

Estado: NUEVO. Producto 100% original, entregado en su caja sellada con garantía completa de fábrica.",8.21,69,Periferico,Nuevo,16
Auricular Gamer Basico RGB,"¡Potenciá tu setup con Auricular Gamer Basico RGB! Una opción excelente dentro de la gama Entrada, garantizando durabilidad y eficiencia en su categoría de Auriculares.

--- CARACTERÍSTICAS TÉCNICAS ---
• Tipo: Over-Ear
• Conexión: 2x 3.5mm + USB (Para luces)
• Micrófono: Omnidireccional fijo
• Iluminación: Luces LED RGB

Estado: NUEVO. Producto 100% original, entregado en su caja sellada con garantía completa de fábrica.",20.53,63,Periferico,Nuevo,16
Auricular Gamer HyperX Cloud Stinger,"¡Potenciá tu setup con Auricular Gamer HyperX Cloud Stinger! Una opción excelente dentro de la gama Entrada, garantizando durabilidad y eficiencia en su categoría de Auriculares.

--- CARACTERÍSTICAS TÉCNICAS ---
• Tipo: Over-Ear
• Sonido: Estéreo optimizado
• Drivers: Direccionales de 50mm
• Micrófono: Con cancelación de ruido, silenciar al girar
• Copas que giran 90°

Estado: NUEVO. Producto 100% original, entregado en su caja sellada con garantía completa de fábrica.",61.58,25,Periferico,Nuevo,16
Auricular Gamer HyperX Cloud II Wireless,"¡Potenciá tu setup con Auricular Gamer HyperX Cloud II Wireless! Una opción excelente dentro de la gama Media, garantizando durabilidad y eficiencia en su categoría de Auriculares.

--- CARACTERÍSTICAS TÉCNICAS ---
• Tipo: Over-Ear Inalámbrico
• Sonido: Surround 7.1 Virtual
• Batería: Hasta 30 horas
• Drivers: 53mm
• Marco de aluminio durable

Estado: NUEVO. Producto 100% original, entregado en su caja sellada con garantía completa de fábrica.",123.16,7,Periferico,Nuevo,16
Auricular Gamer Astro A50 Wireless,"¡Potenciá tu setup con Auricular Gamer Astro A50 Wireless! Una opción excelente dentro de la gama Media, garantizando durabilidad y eficiencia en su categoría de Auriculares.

--- CARACTERÍSTICAS TÉCNICAS ---
• Tipo: Over-Ear Inalámbrico Premium
• Estación Base: Carga y transmisor
• Sonido: Dolby Audio
• MixAmp incorporado
• Rango inalambrico 15m

Estado: NUEVO. Producto 100% original, entregado en su caja sellada con garantía completa de fábrica.",262.74,10,Periferico,Nuevo,16
Auricular Sennheiser HD 800S,"¡Potenciá tu setup con Auricular Sennheiser HD 800S! Una opción excelente dentro de la gama Alta, garantizando durabilidad y eficiencia en su categoría de Auriculares.

--- CARACTERÍSTICAS TÉCNICAS ---
• Tipo: Over-Ear Audiófilo Abierto
• Respuesta de frecuencia: 4Hz - 51,000Hz
• Impedancia: 300 Ohms
• Tecnología de absorción de resonancia

Estado: NUEVO. Producto 100% original, entregado en su caja sellada con garantía completa de fábrica.",697.91,3,Periferico,Nuevo,16
Webcam 720p Basica,"¡Potenciá tu setup con Webcam 720p Basica! Una opción excelente dentro de la gama Entrada, garantizando durabilidad y eficiencia en su categoría de Webcams.

--- CARACTERÍSTICAS TÉCNICAS ---
• Resolución: 720p a 30fps
• Enfoque: Fijo
• Micrófono: Integrado mono
• Conexión: USB 2.0
• Clip universal

Estado: NUEVO. Producto 100% original, entregado en su caja sellada con garantía completa de fábrica.",16.42,75,Periferico,Nuevo,17
Webcam Redragon Hitman 1080p,"¡Potenciá tu setup con Webcam Redragon Hitman 1080p! Una opción excelente dentro de la gama Entrada, garantizando durabilidad y eficiencia en su categoría de Webcams.

--- CARACTERÍSTICAS TÉCNICAS ---
• Resolución: 1080p Full HD a 30fps
• Enfoque: Automático (Autofocus)
• Micrófonos: Duales estéreo integrados
• Clip para monitor/trípode

Estado: NUEVO. Producto 100% original, entregado en su caja sellada con garantía completa de fábrica.",45.16,27,Periferico,Nuevo,17
Webcam Logitech C922 Pro,"¡Potenciá tu setup con Webcam Logitech C922 Pro! Una opción excelente dentro de la gama Media, garantizando durabilidad y eficiencia en su categoría de Webcams.

--- CARACTERÍSTICAS TÉCNICAS ---
• Resolución: 1080p a 30fps / 720p a 60fps
• Enfoque: Automático de cristal
• Micrófonos: Estéreo
• Incluye trípode y licencia XSplit

Estado: NUEVO. Producto 100% original, entregado en su caja sellada con garantía completa de fábrica.",98.53,23,Periferico,Nuevo,17
Webcam Elgato Facecam,"¡Potenciá tu setup con Webcam Elgato Facecam! Una opción excelente dentro de la gama Media, garantizando durabilidad y eficiencia en su categoría de Webcams.

--- CARACTERÍSTICAS TÉCNICAS ---
• Resolución: 1080p a 60fps sin comprimir
• Lente: Elgato Prime Lens (Cristal 8 elementos)
• Sensor: Sony STARVIS
• Memoria Flash integrada

Estado: NUEVO. Producto 100% original, entregado en su caja sellada con garantía completa de fábrica.",180.64,8,Periferico,Nuevo,17
Webcam Razer Kiyo Pro 4K,"¡Potenciá tu setup con Webcam Razer Kiyo Pro 4K! Una opción excelente dentro de la gama Media, garantizando durabilidad y eficiencia en su categoría de Webcams.

--- CARACTERÍSTICAS TÉCNICAS ---
• Resolución: 4K a 30fps / 1080p a 60fps
• Sensor: CMOS STARVIS Tipo 1/2.8 ultra grande
• HDR activado
• Lente Corning Gorilla Glass

Estado: NUEVO. Producto 100% original, entregado en su caja sellada con garantía completa de fábrica.",262.74,10,Periferico,Nuevo,17
Camara PTZ Insta360 Face,"¡Potenciá tu setup con Camara PTZ Insta360 Face! Una opción excelente dentro de la gama Alta, garantizando durabilidad y eficiencia en su categoría de Webcams.

--- CARACTERÍSTICAS TÉCNICAS ---
• Resolución: 4K a 30fps
• Tipo: PTZ accionada por IA (Giro/Inclinación)
• Seguimiento automático de rostros
• Controles por gestos de la mano

Estado: NUEVO. Producto 100% original, entregado en su caja sellada con garantía completa de fábrica.",369.48,7,Periferico,Nuevo,17
Mousepad Basico Chico,"¡Potenciá tu setup con Mousepad Basico Chico! Una opción excelente dentro de la gama Entrada, garantizando durabilidad y eficiencia en su categoría de Mousepads.

--- CARACTERÍSTICAS TÉCNICAS ---
• Tamaño: Pequeño (22x18cm)
• Grosor: 2mm
• Material: Tela sintética suave
• Base: Goma antideslizante
• Bordes: Sin costura

Estado: NUEVO. Producto 100% original, entregado en su caja sellada con garantía completa de fábrica.",4.11,75,Periferico,Nuevo,18
Mousepad Gamer XL 80x30cm,"¡Potenciá tu setup con Mousepad Gamer XL 80x30cm! Una opción excelente dentro de la gama Entrada, garantizando durabilidad y eficiencia en su categoría de Mousepads.

--- CARACTERÍSTICAS TÉCNICAS ---
• Tamaño: Extended XL (800x300mm)
• Grosor: 3mm
• Bordes: Cosidos reforzados
• Superficie: Control/Speed (Microfibra)

Estado: NUEVO. Producto 100% original, entregado en su caja sellada con garantía completa de fábrica.",17.79,62,Periferico,Nuevo,18
Mousepad HyperX Fury S XL,"¡Potenciá tu setup con Mousepad HyperX Fury S XL! Una opción excelente dentro de la gama Entrada, garantizando durabilidad y eficiencia en su categoría de Mousepads.

--- CARACTERÍSTICAS TÉCNICAS ---
• Tamaño: Extra Grande (900x420mm)
• Grosor: 4mm
• Material: Tela de alta densidad
• Bordes: Costura sin costuras anti-deshilache

Estado: NUEVO. Producto 100% original, entregado en su caja sellada con garantía completa de fábrica.",36.95,98,Periferico,Nuevo,18
Mousepad RGB XL Redragon,"¡Potenciá tu setup con Mousepad RGB XL Redragon! Una opción excelente dentro de la gama Entrada, garantizando durabilidad y eficiencia en su categoría de Mousepads.

--- CARACTERÍSTICAS TÉCNICAS ---
• Tamaño: Extended (800x300mm)
• Iluminación: Bordes LED RGB (Múltiples efectos)
• Control por botón
• Superficie optimizada para sensores ópticos

Estado: NUEVO. Producto 100% original, entregado en su caja sellada con garantía completa de fábrica.",32.84,85,Periferico,Nuevo,18
Mousepad Corsair MM700 RGB,"¡Potenciá tu setup con Mousepad Corsair MM700 RGB! Una opción excelente dentro de la gama Media, garantizando durabilidad y eficiencia en su categoría de Mousepads.

--- CARACTERÍSTICAS TÉCNICAS ---
• Tamaño: Extended 3XL (1220x610mm) cubre todo el escritorio
• Grosor: 4mm
• Iluminación: RGB dinámico de 3 zonas
• HUB USB de 2 puertos integrado

Estado: NUEVO. Producto 100% original, entregado en su caja sellada con garantía completa de fábrica.",90.32,29,Periferico,Nuevo,18
Mousepad Artisan FX Zero,"¡Potenciá tu setup con Mousepad Artisan FX Zero! Una opción excelente dentro de la gama Media, garantizando durabilidad y eficiencia en su categoría de Mousepads.

--- CARACTERÍSTICAS TÉCNICAS ---
• Tamaño: XL (490x420mm)
• Calidad Premium (Hecho en Japón)
• Superficie: Tejido texturizado para control absoluto
• Dureza de esponja a elección (Soft/XSoft)

Estado: NUEVO. Producto 100% original, entregado en su caja sellada con garantía completa de fábrica.",123.16,9,Periferico,Nuevo,18
Parlantes USB 2.0,"¡Potenciá tu setup con Parlantes USB 2.0! Una opción excelente dentro de la gama Entrada, garantizando durabilidad y eficiencia en su categoría de Parlantes.

--- CARACTERÍSTICAS TÉCNICAS ---
• Sistema: 2.0
• Potencia RMS: 6W (3W x 2)
• Conexión Audio: Jack 3.5mm
• Energía: Cable USB (No requiere enchufe a pared)

Estado: NUEVO. Producto 100% original, entregado en su caja sellada con garantía completa de fábrica.",11.63,68,Periferico,Nuevo,19
Parlantes Redragon 2.0 RGB,"¡Potenciá tu setup con Parlantes Redragon 2.0 RGB! Una opción excelente dentro de la gama Entrada, garantizando durabilidad y eficiencia en su categoría de Parlantes.

--- CARACTERÍSTICAS TÉCNICAS ---
• Sistema: 2.0
• Potencia RMS: 10W
• Iluminación: RGB táctil
• Control de volumen frontal
• Diseño compacto para escritorio

Estado: NUEVO. Producto 100% original, entregado en su caja sellada con garantía completa de fábrica.",27.37,52,Periferico,Nuevo,19
Soundbar Gamer Redragon,"¡Potenciá tu setup con Soundbar Gamer Redragon! Una opción excelente dentro de la gama Entrada, garantizando durabilidad y eficiencia en su categoría de Parlantes.

--- CARACTERÍSTICAS TÉCNICAS ---
• Formato: Barra de sonido (Soundbar)
• Potencia RMS: 10W
• Iluminación: RGB dinámica
• Conexión: Bluetooth 5.0 y Auxiliar 3.5mm

Estado: NUEVO. Producto 100% original, entregado en su caja sellada con garantía completa de fábrica.",43.11,22,Periferico,Nuevo,19
Parlantes Logitech Z607 2.1,"¡Potenciá tu setup con Parlantes Logitech Z607 2.1! Una opción excelente dentro de la gama Media, garantizando durabilidad y eficiencia en su categoría de Parlantes.

--- CARACTERÍSTICAS TÉCNICAS ---
• Sistema: 5.1 Surround (Subwoofer + 5 satélites)
• Potencia RMS: 80W (Pico 160W)
• Conectividad: Bluetooth, RCA, Radio FM, Lector SD/USB

Estado: NUEVO. Producto 100% original, entregado en su caja sellada con garantía completa de fábrica.",110.16,23,Periferico,Nuevo,19
Parlantes Logitech Z906 5.1,"¡Potenciá tu setup con Parlantes Logitech Z906 5.1! Una opción excelente dentro de la gama Media, garantizando durabilidad y eficiencia en su categoría de Parlantes.

--- CARACTERÍSTICAS TÉCNICAS ---
• Sistema: 5.1 Surround certificado THX
• Potencia RMS: 500W (Pico 1000W)
• Decodificación: Dolby Digital y DTS
• Consola de control dedicada

Estado: NUEVO. Producto 100% original, entregado en su caja sellada con garantía completa de fábrica.",275.74,13,Periferico,Nuevo,19
Monitores de Estudio KRK,"¡Potenciá tu setup con Monitores de Estudio KRK! Una opción excelente dentro de la gama Alta, garantizando durabilidad y eficiencia en su categoría de Parlantes.

--- CARACTERÍSTICAS TÉCNICAS ---
• Sistema: Monitores de estudio activos 2.0
• Tamaño Woofer: 5 Pulgadas de Kevlar arámida
• Tweeter: 1"" cúpula suave
• Respuesta plana para producción musical y audiófilos

Estado: NUEVO. Producto 100% original, entregado en su caja sellada con garantía completa de fábrica.",433.12,7,Periferico,Nuevo,19
Microfono Corbatero,"¡Potenciá tu setup con Microfono Corbatero! Una opción excelente dentro de la gama Entrada, garantizando durabilidad y eficiencia en su categoría de Microfonos.

--- CARACTERÍSTICAS TÉCNICAS ---
• Tipo: Condensador Lavalier (Corbatero)
• Patrón polar: Omnidireccional
• Conexión: Jack 3.5mm (Incluye adaptador TRRS para PC/Celular)
• Largo del cable: 1.5m

Estado: NUEVO. Producto 100% original, entregado en su caja sellada con garantía completa de fábrica.",12.32,86,Periferico,Nuevo,20
Microfono Condensador USB Basico,"¡Potenciá tu setup con Microfono Condensador USB Basico! Una opción excelente dentro de la gama Entrada, garantizando durabilidad y eficiencia en su categoría de Microfonos.

--- CARACTERÍSTICAS TÉCNICAS ---
• Tipo: Condensador de escritorio
• Patrón polar: Cardioide (Frontal)
• Conexión: USB Plug & Play
• Incluye trípode pequeño y filtro antipop de espuma

Estado: NUEVO. Producto 100% original, entregado en su caja sellada con garantía completa de fábrica.",36.95,81,Periferico,Nuevo,20
Microfono HyperX SoloCast,"¡Potenciá tu setup con Microfono HyperX SoloCast! Una opción excelente dentro de la gama Entrada, garantizando durabilidad y eficiencia en su categoría de Microfonos.

--- CARACTERÍSTICAS TÉCNICAS ---
• Tipo: Condensador USB
• Patrón polar: Cardioide
• Sensor Tap-to-Mute con indicador LED
• Soporte flexible y ajustable
• Tasa de muestreo: 48kHz/16-bit

Estado: NUEVO. Producto 100% original, entregado en su caja sellada con garantía completa de fábrica.",69.79,22,Periferico,Nuevo,20
Microfono Razer Seiren Mini,"¡Potenciá tu setup con Microfono Razer Seiren Mini! Una opción excelente dentro de la gama Media, garantizando durabilidad y eficiencia en su categoría de Microfonos.

--- CARACTERÍSTICAS TÉCNICAS ---
• Tipo: Condensador USB ultra compacto
• Patrón polar: Supercardioide (Alta reducción de ruido ambiente)
• Soporte inclinable con amortiguador integrado

Estado: NUEVO. Producto 100% original, entregado en su caja sellada con garantía completa de fábrica.",90.32,19,Periferico,Nuevo,20
Microfono Shure SM7B,"¡Potenciá tu setup con Microfono Shure SM7B! Una opción excelente dentro de la gama Alta, garantizando durabilidad y eficiencia en su categoría de Microfonos.

--- CARACTERÍSTICAS TÉCNICAS ---
• Tipo: Dinámico para broadcast y podcasts
• Patrón polar: Cardioide
• Conexión: XLR (Requiere interfaz de audio)
• Escudo electromagnético y aislamiento de aire

Estado: NUEVO. Producto 100% original, entregado en su caja sellada con garantía completa de fábrica.",369.48,7,Periferico,Nuevo,20
Microfono Electro-Voice RE20,"¡Potenciá tu setup con Microfono Electro-Voice RE20! Una opción excelente dentro de la gama Alta, garantizando durabilidad y eficiencia en su categoría de Microfonos.

--- CARACTERÍSTICAS TÉCNICAS ---
• Tipo: Dinámico Premium
• Patrón polar: Cardioide
• Tecnología Variable-D (Minimiza el efecto de proximidad)
• Filtro de viento interno
• Estándar de radio y streaming

Estado: NUEVO. Producto 100% original, entregado en su caja sellada con garantía completa de fábrica.",533.7,6,Periferico,Nuevo,20
Joystick PC USB Generico,"¡Potenciá tu setup con Joystick PC USB Generico! Una opción excelente dentro de la gama Entrada, garantizando durabilidad y eficiencia en su categoría de Joysticks.

--- CARACTERÍSTICAS TÉCNICAS ---
• Distribución de botones: Estilo PlayStation
• Conexión: Cable USB
• Motores de vibración: Dobles
• Compatibilidad: Windows PC (DirectInput)

Estado: NUEVO. Producto 100% original, entregado en su caja sellada con garantía completa de fábrica.",12.32,46,Periferico,Nuevo,21
Joystick Inalambrico PC,"¡Potenciá tu setup con Joystick Inalambrico PC! Una opción excelente dentro de la gama Entrada, garantizando durabilidad y eficiencia en su categoría de Joysticks.

--- CARACTERÍSTICAS TÉCNICAS ---
• Distribución de botones: Estilo Xbox
• Conectividad: Wireless 2.4GHz (Dongle USB)
• Batería: Recargable por USB-C
• Diseño ergonómico texturizado

Estado: NUEVO. Producto 100% original, entregado en su caja sellada con garantía completa de fábrica.",36.95,41,Periferico,Nuevo,21
Joystick PS4 Alternativo,"¡Potenciá tu setup con Joystick PS4 Alternativo! Una opción excelente dentro de la gama Entrada, garantizando durabilidad y eficiencia en su categoría de Joysticks.

--- CARACTERÍSTICAS TÉCNICAS ---
• Distribución: PlayStation 4
• Conexión: Bluetooth y cable Micro-USB
• Touchpad capacitivo
• Parlante integrado y Jack 3.5mm para auriculares

Estado: NUEVO. Producto 100% original, entregado en su caja sellada con garantía completa de fábrica.",45.16,18,Periferico,Nuevo,21
Joystick PS5 DualSense Original,"¡Potenciá tu setup con Joystick PS5 DualSense Original! Una opción excelente dentro de la gama Media, garantizando durabilidad y eficiencia en su categoría de Joysticks.

--- CARACTERÍSTICAS TÉCNICAS ---
• Distribución: PlayStation 5
• Feedback háptico inmersivo
• Gatillos adaptativos con resistencia dinámica
• Micrófono integrado
• Conectividad Bluetooth 5.1 / USB-C

Estado: NUEVO. Producto 100% original, entregado en su caja sellada con garantía completa de fábrica.",114.95,19,Periferico,Nuevo,21
Joystick Xbox Elite Series 2,"¡Potenciá tu setup con Joystick Xbox Elite Series 2! Una opción excelente dentro de la gama Media, garantizando durabilidad y eficiencia en su categoría de Joysticks.

--- CARACTERÍSTICAS TÉCNICAS ---
• Nivel Profesional
• Palancas traseras intercambiables (Paddles)
• Ajuste de tensión en sticks analógicos
• Topes de gatillo personalizables
• Batería de 40 horas

Estado: NUEVO. Producto 100% original, entregado en su caja sellada con garantía completa de fábrica.",229.9,9,Periferico,Nuevo,21
Joystick Razer Wolverine V2,"¡Potenciá tu setup con Joystick Razer Wolverine V2! Una opción excelente dentro de la gama Media, garantizando durabilidad y eficiencia en su categoría de Joysticks.

--- CARACTERÍSTICAS TÉCNICAS ---
• Nivel eSports (Licencia Oficial Xbox)
• Conexión: Cableada (Latencia cero)
• Switches Mecánicos Razer (Acción táctil rápida)
• 6 Botones multifunción reasignables

Estado: NUEVO. Producto 100% original, entregado en su caja sellada con garantía completa de fábrica.",262.74,13,Periferico,Nuevo,21
Monitor 19 HD 60Hz,"¡Potenciá tu setup con Monitor 19 HD 60Hz! Una opción excelente dentro de la gama Entrada, garantizando durabilidad y eficiencia en su categoría de Monitores.

--- CARACTERÍSTICAS TÉCNICAS ---
• Tamaño: 19 Pulgadas
• Resolución: HD (1366x768)
• Panel: TN
• Tasa de refresco: 60Hz
• Tiempo de respuesta: 5ms
• Puertos: VGA, HDMI

Estado: NUEVO. Producto 100% original, entregado en su caja sellada con garantía completa de fábrica.",64.32,17,Periferico,Nuevo,22
Monitor 24 Full HD 75Hz IPS,"¡Potenciá tu setup con Monitor 24 Full HD 75Hz IPS! Una opción excelente dentro de la gama Media, garantizando durabilidad y eficiencia en su categoría de Monitores.

--- CARACTERÍSTICAS TÉCNICAS ---
• Tamaño: 24 Pulgadas
• Resolución: Full HD (1920x1080)
• Panel: IPS (Excelentes colores y ángulos de visión)
• Refresco: 75Hz
• AMD FreeSync

Estado: NUEVO. Producto 100% original, entregado en su caja sellada con garantía completa de fábrica.",120.42,13,Periferico,Nuevo,22
Monitor Gamer 24 144Hz 1ms,"¡Potenciá tu setup con Monitor Gamer 24 144Hz 1ms! Una opción excelente dentro de la gama Media, garantizando durabilidad y eficiencia en su categoría de Monitores.

--- CARACTERÍSTICAS TÉCNICAS ---
• Tamaño: 24 Pulgadas
• Resolución: Full HD
• Panel: VA
• Tasa de refresco: 144Hz
• Tiempo de respuesta: 1ms (GtG)
• Ideal para juegos competitivos (CS:GO, Valorant)

Estado: NUEVO. Producto 100% original, entregado en su caja sellada con garantía completa de fábrica.",188.16,13,Periferico,Nuevo,22
Monitor 27 2K 144Hz IPS,"¡Potenciá tu setup con Monitor 27 2K 144Hz IPS! Una opción excelente dentro de la gama Alta, garantizando durabilidad y eficiencia en su categoría de Monitores.

--- CARACTERÍSTICAS TÉCNICAS ---
• Tamaño: 27 Pulgadas
• Resolución: Quad HD (2560x1440)
• Panel: IPS Fast
• Tasa de refresco: 144Hz (Overclock a 165Hz)
• Cobertura de color sRGB 99%

Estado: NUEVO. Producto 100% original, entregado en su caja sellada con garantía completa de fábrica.",413.96,7,Periferico,Nuevo,22
Monitor Ultrawide 34 144Hz,"¡Potenciá tu setup con Monitor Ultrawide 34 144Hz! Una opción excelente dentro de la gama Alta, garantizando durabilidad y eficiencia en su categoría de Monitores.

--- CARACTERÍSTICAS TÉCNICAS ---
• Tamaño: 34 Pulgadas Ultrawide (Curvo 1500R)
• Resolución: UWQHD (3440x1440p)
• Relación de aspecto 21:9
• Tasa de refresco: 144Hz
• PIP y PBP Support

Estado: NUEVO. Producto 100% original, entregado en su caja sellada con garantía completa de fábrica.",564.49,6,Periferico,Nuevo,22
Monitor OLED 34 Ultrawide 240Hz,"¡Potenciá tu setup con Monitor OLED 34 Ultrawide 240Hz! Una opción excelente dentro de la gama Alta, garantizando durabilidad y eficiencia en su categoría de Monitores.

--- CARACTERÍSTICAS TÉCNICAS ---
• Tecnología OLED
• Tamaño: 34"" Ultrawide Curvo (1800R)
• Resolución: UWQHD
• Tasa de refresco extrema: 240Hz
• Tiempo de respuesta: 0.03ms
• HDR True Black 400
• Contraste infinito

Estado: NUEVO. Producto 100% original, entregado en su caja sellada con garantía completa de fábrica.",1655.83,3,Periferico,Nuevo,22
Pendrive 32GB USB 3.0,"¡Potenciá tu setup con Pendrive 32GB USB 3.0! Una opción excelente dentro de la gama Entrada, garantizando durabilidad y eficiencia en su categoría de Almacenamiento Portatil.

--- CARACTERÍSTICAS TÉCNICAS ---
• Capacidad: 32GB
• Interfaz: USB 3.0 (Compatible con 2.0)
• Velocidad de lectura: Hasta 100 MB/s
• Diseño sin tapa retráctil

Estado: NUEVO. Producto 100% original, entregado en su caja sellada con garantía completa de fábrica.",9.58,67,Periferico,Nuevo,23
Pendrive 128GB USB 3.2,"¡Potenciá tu setup con Pendrive 128GB USB 3.2! Una opción excelente dentro de la gama Entrada, garantizando durabilidad y eficiencia en su categoría de Almacenamiento Portatil.

--- CARACTERÍSTICAS TÉCNICAS ---
• Capacidad: 128GB
• Interfaz: USB 3.2 Gen 1
• Velocidad de transferencia ultrarrápida
• Carcasa metálica resistente a golpes

Estado: NUEVO. Producto 100% original, entregado en su caja sellada con garantía completa de fábrica.",21.9,36,Periferico,Nuevo,23
Disco Externo 1TB HDD,"¡Potenciá tu setup con Disco Externo 1TB HDD! Una opción excelente dentro de la gama Entrada, garantizando durabilidad y eficiencia en su categoría de Almacenamiento Portatil.

--- CARACTERÍSTICAS TÉCNICAS ---
• Tipo: Disco Rígido Externo (Mecánico)
• Capacidad: 1TB
• Formato: 2.5"" (Portátil, no requiere cable de corriente)
• Interfaz: USB 3.0

Estado: NUEVO. Producto 100% original, entregado en su caja sellada con garantía completa de fábrica.",67.05,18,Periferico,Nuevo,23
Disco Externo 4TB HDD,"¡Potenciá tu setup con Disco Externo 4TB HDD! Una opción excelente dentro de la gama Media, garantizando durabilidad y eficiencia en su categoría de Almacenamiento Portatil.

--- CARACTERÍSTICAS TÉCNICAS ---
• Tipo: Disco Rígido Externo (Mecánico)
• Capacidad: 4TB
• Formato: 2.5""
• Ideal para copias de seguridad masivas (Backups)
• Plug and Play

Estado: NUEVO. Producto 100% original, entregado en su caja sellada con garantía completa de fábrica.",141.64,11,Periferico,Nuevo,23
SSD Externo 1TB NVMe,"¡Potenciá tu setup con SSD Externo 1TB NVMe! Una opción excelente dentro de la gama Media, garantizando durabilidad y eficiencia en su categoría de Almacenamiento Portatil.

--- CARACTERÍSTICAS TÉCNICAS ---
• Tipo: Unidad de Estado Sólido Externa
• Capacidad: 1TB
• Interfaz: USB-C 3.2 Gen 2
• Velocidades de hasta 1050 MB/s
• Resistente a caídas de 2 metros

Estado: NUEVO. Producto 100% original, entregado en su caja sellada con garantía completa de fábrica.",118.37,12,Periferico,Nuevo,23
SSD Externo 2TB Extreme,"¡Potenciá tu setup con SSD Externo 2TB Extreme! Una opción excelente dentro de la gama Media, garantizando durabilidad y eficiencia en su categoría de Almacenamiento Portatil.

--- CARACTERÍSTICAS TÉCNICAS ---
• Tipo: SSD Externo Premium
• Capacidad: 2TB
• Interfaz: USB-C 3.2 Gen 2x2
• Velocidades de hasta 2000 MB/s
• Resistencia al agua y polvo IP55
• Encriptación de hardware

Estado: NUEVO. Producto 100% original, entregado en su caja sellada con garantía completa de fábrica.",220.32,8,Periferico,Nuevo,23
Placa de Video GTX 1650 4GB (Reacondicionado),"¡Potenciá tu setup con Placa de Video GTX 1650 4GB (Reacondicionado)! Una opción excelente dentro de la gama Media, garantizando durabilidad y eficiencia en su categoría de Placas de Video.

--- CARACTERÍSTICAS TÉCNICAS ---
• VRAM: 4GB GDDR6
• Bus: 128-bit
• Cuda Cores: 896
• Puertos: DisplayPort, HDMI, DVI
• TDP: 75W

Estado: REACONDICIONADO. Este producto pasó por estrictos controles técnicos en nuestro taller. Se limpió, probó y testeó bajo estrés para asegurar un funcionamiento al 100% igual que uno nuevo, cuidando tu bolsillo.",118.37,3,Componente,Reacondicionado,25
Placa de Video RX 6600 8GB (Reacondicionado),"¡Potenciá tu setup con Placa de Video RX 6600 8GB (Reacondicionado)! Una opción excelente dentro de la gama Media, garantizando durabilidad y eficiencia en su categoría de Placas de Video.

--- CARACTERÍSTICAS TÉCNICAS ---
• VRAM: 8GB GDDR6
• Bus: 128-bit
• Stream Processors: 1792
• Arquitectura: RDNA 2
• Ray Tracing: Sí

Estado: REACONDICIONADO. Este producto pasó por estrictos controles técnicos en nuestro taller. Se limpió, probó y testeó bajo estrés para asegurar un funcionamiento al 100% igual que uno nuevo, cuidando tu bolsillo.",187.48,4,Componente,Reacondicionado,25
Placa de Video RTX 4060 8GB (Reacondicionado),"¡Potenciá tu setup con Placa de Video RTX 4060 8GB (Reacondicionado)! Una opción excelente dentro de la gama Alta, garantizando durabilidad y eficiencia en su categoría de Placas de Video.

--- CARACTERÍSTICAS TÉCNICAS ---
• VRAM: 8GB GDDR6
• Bus: 128-bit
• Cuda Cores: 3072
• DLSS 3.0: Sí
• Consumo: 115W

Estado: REACONDICIONADO. Este producto pasó por estrictos controles técnicos en nuestro taller. Se limpió, probó y testeó bajo estrés para asegurar un funcionamiento al 100% igual que uno nuevo, cuidando tu bolsillo.",255.9,2,Componente,Reacondicionado,25
Placa de Video RTX 4070 12GB (Reacondicionado),"¡Potenciá tu setup con Placa de Video RTX 4070 12GB (Reacondicionado)! Una opción excelente dentro de la gama Alta, garantizando durabilidad y eficiencia en su categoría de Placas de Video.

--- CARACTERÍSTICAS TÉCNICAS ---
• VRAM: 12GB GDDR6X
• Bus: 192-bit
• Cuda Cores: 5888
• DLSS 3.0: Sí
• Consumo: 200W

Estado: REACONDICIONADO. Este producto pasó por estrictos controles técnicos en nuestro taller. Se limpió, probó y testeó bajo estrés para asegurar un funcionamiento al 100% igual que uno nuevo, cuidando tu bolsillo.",468.01,4,Componente,Reacondicionado,25
Placa de Video RTX 4080 SUPER 16GB (Reacondicionado),"¡Potenciá tu setup con Placa de Video RTX 4080 SUPER 16GB (Reacondicionado)! Una opción excelente dentro de la gama Alta, garantizando durabilidad y eficiencia en su categoría de Placas de Video.

--- CARACTERÍSTICAS TÉCNICAS ---
• VRAM: 16GB GDDR6X
• Bus: 256-bit
• Cuda Cores: 10240
• DLSS 3.5: Sí
• Consumo: 320W

Estado: REACONDICIONADO. Este producto pasó por estrictos controles técnicos en nuestro taller. Se limpió, probó y testeó bajo estrés para asegurar un funcionamiento al 100% igual que uno nuevo, cuidando tu bolsillo.",788.23,1,Componente,Reacondicionado,25
Placa de Video RTX 4090 24GB (Reacondicionado),"¡Potenciá tu setup con Placa de Video RTX 4090 24GB (Reacondicionado)! Una opción excelente dentro de la gama Alta, garantizando durabilidad y eficiencia en su categoría de Placas de Video.

--- CARACTERÍSTICAS TÉCNICAS ---
• VRAM: 24GB GDDR6X
• Bus: 384-bit
• Cuda Cores: 16384
• Rendimiento: Extremo 4K/8K
• Consumo: 450W

Estado: REACONDICIONADO. Este producto pasó por estrictos controles técnicos en nuestro taller. Se limpió, probó y testeó bajo estrés para asegurar un funcionamiento al 100% igual que uno nuevo, cuidando tu bolsillo.",1527.2,3,Componente,Reacondicionado,25
Procesador AMD Athlon 3000G (Reacondicionado),"¡Potenciá tu setup con Procesador AMD Athlon 3000G (Reacondicionado)! Una opción excelente dentro de la gama Entrada, garantizando durabilidad y eficiencia en su categoría de Procesadores.

--- CARACTERÍSTICAS TÉCNICAS ---
• Núcleos: 2
• Hilos: 4
• Frecuencia Base: 3.5 GHz
• Gráficos: Radeon Vega 3
• TDP: 35W
• Socket: AM4

Estado: REACONDICIONADO. Este producto pasó por estrictos controles técnicos en nuestro taller. Se limpió, probó y testeó bajo estrés para asegurar un funcionamiento al 100% igual que uno nuevo, cuidando tu bolsillo.",41.05,2,Componente,Reacondicionado,26
Procesador AMD Ryzen 5 4600G (Reacondicionado),"¡Potenciá tu setup con Procesador AMD Ryzen 5 4600G (Reacondicionado)! Una opción excelente dentro de la gama Media, garantizando durabilidad y eficiencia en su categoría de Procesadores.

--- CARACTERÍSTICAS TÉCNICAS ---
• Núcleos: 6
• Hilos: 12
• Frecuencia Turbo: 4.2 GHz
• Gráficos: Radeon Graphics
• Caché L3: 8MB
• TDP: 65W

Estado: REACONDICIONADO. Este producto pasó por estrictos controles técnicos en nuestro taller. Se limpió, probó y testeó bajo estrés para asegurar un funcionamiento al 100% igual que uno nuevo, cuidando tu bolsillo.",91.0,1,Componente,Reacondicionado,26
Procesador Intel Core i5 12400F (Reacondicionado),"¡Potenciá tu setup con Procesador Intel Core i5 12400F (Reacondicionado)! Una opción excelente dentro de la gama Media, garantizando durabilidad y eficiencia en su categoría de Procesadores.

--- CARACTERÍSTICAS TÉCNICAS ---
• Núcleos: 6 (P-Cores)
• Hilos: 12
• Frecuencia Turbo: 4.4 GHz
• Caché: 18MB
• Gráficos: No (Requiere GPU)
• TDP: 65W

Estado: REACONDICIONADO. Este producto pasó por estrictos controles técnicos en nuestro taller. Se limpió, probó y testeó bajo estrés para asegurar un funcionamiento al 100% igual que uno nuevo, cuidando tu bolsillo.",122.48,3,Componente,Reacondicionado,26
Procesador Intel Core i7 13700K (Reacondicionado),"¡Potenciá tu setup con Procesador Intel Core i7 13700K (Reacondicionado)! Una opción excelente dentro de la gama Alta, garantizando durabilidad y eficiencia en su categoría de Procesadores.

--- CARACTERÍSTICAS TÉCNICAS ---
• Núcleos: 16 (8P+8E)
• Hilos: 24
• Frecuencia Turbo: 5.4 GHz
• Caché: 30MB
• Gráficos: UHD 770
• TDP Máx: 253W

Estado: REACONDICIONADO. Este producto pasó por estrictos controles técnicos en nuestro taller. Se limpió, probó y testeó bajo estrés para asegurar un funcionamiento al 100% igual que uno nuevo, cuidando tu bolsillo.",327.06,2,Componente,Reacondicionado,26
Procesador Intel Core i9 14900K (Reacondicionado),"¡Potenciá tu setup con Procesador Intel Core i9 14900K (Reacondicionado)! Una opción excelente dentro de la gama Alta, garantizando durabilidad y eficiencia en su categoría de Procesadores.

--- CARACTERÍSTICAS TÉCNICAS ---
• Núcleos: 24 (8P+16E)
• Hilos: 32
• Frecuencia Turbo: 6.0 GHz
• Caché: 36MB
• Gráficos: UHD 770
• TDP Máx: 253W

Estado: REACONDICIONADO. Este producto pasó por estrictos controles técnicos en nuestro taller. Se limpió, probó y testeó bajo estrés para asegurar un funcionamiento al 100% igual que uno nuevo, cuidando tu bolsillo.",535.07,2,Componente,Reacondicionado,26
Procesador AMD Ryzen 9 7950X (Reacondicionado),"¡Potenciá tu setup con Procesador AMD Ryzen 9 7950X (Reacondicionado)! Una opción excelente dentro de la gama Alta, garantizando durabilidad y eficiencia en su categoría de Procesadores.

--- CARACTERÍSTICAS TÉCNICAS ---
• Núcleos: 16
• Hilos: 32
• Frecuencia Turbo: 5.7 GHz
• Caché L3: 64MB
• Arquitectura: Zen 4
• TDP: 170W

Estado: REACONDICIONADO. Este producto pasó por estrictos controles técnicos en nuestro taller. Se limpió, probó y testeó bajo estrés para asegurar un funcionamiento al 100% igual que uno nuevo, cuidando tu bolsillo.",515.91,3,Componente,Reacondicionado,26
Motherboard A320M (Reacondicionado),"¡Potenciá tu setup con Motherboard A320M (Reacondicionado)! Una opción excelente dentro de la gama Entrada, garantizando durabilidad y eficiencia en su categoría de Motherboards.

--- CARACTERÍSTICAS TÉCNICAS ---
• Socket: AM4
• Formato: Micro-ATX
• Memoria Máx: 64GB DDR4
• Puertos: 4x SATA, 1x M.2

Estado: REACONDICIONADO. Este producto pasó por estrictos controles técnicos en nuestro taller. Se limpió, probó y testeó bajo estrés para asegurar un funcionamiento al 100% igual que uno nuevo, cuidando tu bolsillo.",53.37,2,Componente,Reacondicionado,27
Motherboard B450M (Reacondicionado),"¡Potenciá tu setup con Motherboard B450M (Reacondicionado)! Una opción excelente dentro de la gama Entrada, garantizando durabilidad y eficiencia en su categoría de Motherboards.

--- CARACTERÍSTICAS TÉCNICAS ---
• Socket: AM4
• Formato: Micro-ATX
• Memoria Máx: 128GB DDR4
• Soporte Overclock: Sí
• Puertos: 4x SATA, 1x M.2 NVMe

Estado: REACONDICIONADO. Este producto pasó por estrictos controles técnicos en nuestro taller. Se limpió, probó y testeó bajo estrés para asegurar un funcionamiento al 100% igual que uno nuevo, cuidando tu bolsillo.",69.11,1,Componente,Reacondicionado,27
Motherboard B660M (Reacondicionado),"¡Potenciá tu setup con Motherboard B660M (Reacondicionado)! Una opción excelente dentro de la gama Media, garantizando durabilidad y eficiencia en su categoría de Motherboards.

--- CARACTERÍSTICAS TÉCNICAS ---
• Socket: LGA 1700
• Formato: Micro-ATX
• Memoria Máx: 128GB DDR4
• PCIe: 4.0
• Puertos: 2x M.2 NVMe

Estado: REACONDICIONADO. Este producto pasó por estrictos controles técnicos en nuestro taller. Se limpió, probó y testeó bajo estrés para asegurar un funcionamiento al 100% igual que uno nuevo, cuidando tu bolsillo.",106.74,3,Componente,Reacondicionado,27
Motherboard Z690 (Reacondicionado),"¡Potenciá tu setup con Motherboard Z690 (Reacondicionado)! Una opción excelente dentro de la gama Media, garantizando durabilidad y eficiencia en su categoría de Motherboards.

--- CARACTERÍSTICAS TÉCNICAS ---
• Socket: LGA 1700
• Formato: ATX
• Memoria Máx: 128GB DDR5
• Soporte Overclock: Extremo
• PCIe: 5.0
• M.2: 4x NVMe

Estado: REACONDICIONADO. Este producto pasó por estrictos controles técnicos en nuestro taller. Se limpió, probó y testeó bajo estrés para asegurar un funcionamiento al 100% igual que uno nuevo, cuidando tu bolsillo.",188.85,4,Componente,Reacondicionado,27
Motherboard Z790 (Reacondicionado),"¡Potenciá tu setup con Motherboard Z790 (Reacondicionado)! Una opción excelente dentro de la gama Media, garantizando durabilidad y eficiencia en su categoría de Motherboards.

--- CARACTERÍSTICAS TÉCNICAS ---
• Socket: LGA 1700
• Formato: ATX
• Memoria Máx: 192GB DDR5 7200MHz+
• VRM: 16+1+1 Fases
• PCIe: 5.0

Estado: REACONDICIONADO. Este producto pasó por estrictos controles técnicos en nuestro taller. Se limpió, probó y testeó bajo estrés para asegurar un funcionamiento al 100% igual que uno nuevo, cuidando tu bolsillo.",283.27,1,Componente,Reacondicionado,27
Motherboard X670E (Reacondicionado),"¡Potenciá tu setup con Motherboard X670E (Reacondicionado)! Una opción excelente dentro de la gama Alta, garantizando durabilidad y eficiencia en su categoría de Motherboards.

--- CARACTERÍSTICAS TÉCNICAS ---
• Socket: AM5
• Formato: Extended ATX
• Memoria Máx: 192GB DDR5
• VRM: 18+2+2 Fases
• Dual PCIe 5.0 (GPU y M.2)

Estado: REACONDICIONADO. Este producto pasó por estrictos controles técnicos en nuestro taller. Se limpió, probó y testeó bajo estrés para asegurar un funcionamiento al 100% igual que uno nuevo, cuidando tu bolsillo.",346.22,1,Componente,Reacondicionado,27
Placa de Video GTX 1650 4GB (Usado),"¡Potenciá tu setup con Placa de Video GTX 1650 4GB (Usado)! Una opción excelente dentro de la gama Media, garantizando durabilidad y eficiencia en su categoría de Placas de Video.

--- CARACTERÍSTICAS TÉCNICAS ---
• VRAM: 4GB GDDR6
• Bus: 128-bit
• Cuda Cores: 896
• Puertos: DisplayPort, HDMI, DVI
• TDP: 75W

Estado: USADO. Ingresó a través de nuestro programa de canje. Verificado por técnicos, no presenta fallas de rendimiento. Ideal para presupuestos ajustados.",88.95,3,Componente,Usado,29
Placa de Video RX 6600 8GB (Usado),"¡Potenciá tu setup con Placa de Video RX 6600 8GB (Usado)! Una opción excelente dentro de la gama Media, garantizando durabilidad y eficiencia en su categoría de Placas de Video.

--- CARACTERÍSTICAS TÉCNICAS ---
• VRAM: 8GB GDDR6
• Bus: 128-bit
• Stream Processors: 1792
• Arquitectura: RDNA 2
• Ray Tracing: Sí

Estado: USADO. Ingresó a través de nuestro programa de canje. Verificado por técnicos, no presenta fallas de rendimiento. Ideal para presupuestos ajustados.",140.27,3,Componente,Usado,29
Placa de Video RTX 4060 8GB (Usado),"¡Potenciá tu setup con Placa de Video RTX 4060 8GB (Usado)! Una opción excelente dentro de la gama Media, garantizando durabilidad y eficiencia en su categoría de Placas de Video.

--- CARACTERÍSTICAS TÉCNICAS ---
• VRAM: 8GB GDDR6
• Bus: 128-bit
• Cuda Cores: 3072
• DLSS 3.0: Sí
• Consumo: 115W

Estado: USADO. Ingresó a través de nuestro programa de canje. Verificado por técnicos, no presenta fallas de rendimiento. Ideal para presupuestos ajustados.",192.27,2,Componente,Usado,29
Placa de Video RTX 4070 12GB (Usado),"¡Potenciá tu setup con Placa de Video RTX 4070 12GB (Usado)! Una opción excelente dentro de la gama Alta, garantizando durabilidad y eficiencia en su categoría de Placas de Video.

--- CARACTERÍSTICAS TÉCNICAS ---
• VRAM: 12GB GDDR6X
• Bus: 192-bit
• Cuda Cores: 5888
• DLSS 3.0: Sí
• Consumo: 200W

Estado: USADO. Ingresó a través de nuestro programa de canje. Verificado por técnicos, no presenta fallas de rendimiento. Ideal para presupuestos ajustados.",351.01,1,Componente,Usado,29
Placa de Video RTX 4080 SUPER 16GB (Usado),"¡Potenciá tu setup con Placa de Video RTX 4080 SUPER 16GB (Usado)! Una opción excelente dentro de la gama Alta, garantizando durabilidad y eficiencia en su categoría de Placas de Video.

--- CARACTERÍSTICAS TÉCNICAS ---
• VRAM: 16GB GDDR6X
• Bus: 256-bit
• Cuda Cores: 10240
• DLSS 3.5: Sí
• Consumo: 320W

Estado: USADO. Ingresó a través de nuestro programa de canje. Verificado por técnicos, no presenta fallas de rendimiento. Ideal para presupuestos ajustados.",591.17,2,Componente,Usado,29
Placa de Video RTX 4090 24GB (Usado),"¡Potenciá tu setup con Placa de Video RTX 4090 24GB (Usado)! Una opción excelente dentro de la gama Alta, garantizando durabilidad y eficiencia en su categoría de Placas de Video.

--- CARACTERÍSTICAS TÉCNICAS ---
• VRAM: 24GB GDDR6X
• Bus: 384-bit
• Cuda Cores: 16384
• Rendimiento: Extremo 4K/8K
• Consumo: 450W

Estado: USADO. Ingresó a través de nuestro programa de canje. Verificado por técnicos, no presenta fallas de rendimiento. Ideal para presupuestos ajustados.",1145.4,1,Componente,Usado,29
Procesador AMD Athlon 3000G (Usado),"¡Potenciá tu setup con Procesador AMD Athlon 3000G (Usado)! Una opción excelente dentro de la gama Entrada, garantizando durabilidad y eficiencia en su categoría de Procesadores.

--- CARACTERÍSTICAS TÉCNICAS ---
• Núcleos: 2
• Hilos: 4
• Frecuencia Base: 3.5 GHz
• Gráficos: Radeon Vega 3
• TDP: 35W
• Socket: AM4

Estado: USADO. Ingresó a través de nuestro programa de canje. Verificado por técnicos, no presenta fallas de rendimiento. Ideal para presupuestos ajustados.",30.79,1,Componente,Usado,30
Procesador AMD Ryzen 5 4600G (Usado),"¡Potenciá tu setup con Procesador AMD Ryzen 5 4600G (Usado)! Una opción excelente dentro de la gama Entrada, garantizando durabilidad y eficiencia en su categoría de Procesadores.

--- CARACTERÍSTICAS TÉCNICAS ---
• Núcleos: 6
• Hilos: 12
• Frecuencia Turbo: 4.2 GHz
• Gráficos: Radeon Graphics
• Caché L3: 8MB
• TDP: 65W

Estado: USADO. Ingresó a través de nuestro programa de canje. Verificado por técnicos, no presenta fallas de rendimiento. Ideal para presupuestos ajustados.",68.42,4,Componente,Usado,30
Procesador Intel Core i5 12400F (Usado),"¡Potenciá tu setup con Procesador Intel Core i5 12400F (Usado)! Una opción excelente dentro de la gama Media, garantizando durabilidad y eficiencia en su categoría de Procesadores.

--- CARACTERÍSTICAS TÉCNICAS ---
• Núcleos: 6 (P-Cores)
• Hilos: 12
• Frecuencia Turbo: 4.4 GHz
• Caché: 18MB
• Gráficos: No (Requiere GPU)
• TDP: 65W

Estado: USADO. Ingresó a través de nuestro programa de canje. Verificado por técnicos, no presenta fallas de rendimiento. Ideal para presupuestos ajustados.",92.37,1,Componente,Usado,30
Procesador Intel Core i7 13700K (Usado),"¡Potenciá tu setup con Procesador Intel Core i7 13700K (Usado)! Una opción excelente dentro de la gama Media, garantizando durabilidad y eficiencia en su categoría de Procesadores.

--- CARACTERÍSTICAS TÉCNICAS ---
• Núcleos: 16 (8P+8E)
• Hilos: 24
• Frecuencia Turbo: 5.4 GHz
• Caché: 30MB
• Gráficos: UHD 770
• TDP Máx: 253W

Estado: USADO. Ingresó a través de nuestro programa de canje. Verificado por técnicos, no presenta fallas de rendimiento. Ideal para presupuestos ajustados.",245.64,2,Componente,Usado,30
Procesador Intel Core i9 14900K (Usado),"¡Potenciá tu setup con Procesador Intel Core i9 14900K (Usado)! Una opción excelente dentro de la gama Alta, garantizando durabilidad y eficiencia en su categoría de Procesadores.

--- CARACTERÍSTICAS TÉCNICAS ---
• Núcleos: 24 (8P+16E)
• Hilos: 32
• Frecuencia Turbo: 6.0 GHz
• Caché: 36MB
• Gráficos: UHD 770
• TDP Máx: 253W

Estado: USADO. Ingresó a través de nuestro programa de canje. Verificado por técnicos, no presenta fallas de rendimiento. Ideal para presupuestos ajustados.",401.64,2,Componente,Usado,30
Procesador AMD Ryzen 9 7950X (Usado),"¡Potenciá tu setup con Procesador AMD Ryzen 9 7950X (Usado)! Una opción excelente dentro de la gama Alta, garantizando durabilidad y eficiencia en su categoría de Procesadores.

--- CARACTERÍSTICAS TÉCNICAS ---
• Núcleos: 16
• Hilos: 32
• Frecuencia Turbo: 5.7 GHz
• Caché L3: 64MB
• Arquitectura: Zen 4
• TDP: 170W

Estado: USADO. Ingresó a través de nuestro programa de canje. Verificado por técnicos, no presenta fallas de rendimiento. Ideal para presupuestos ajustados.",387.27,4,Componente,Usado,30
